size,threads,percent_fill,time
9,16,30,0.173393
9,16,30,0.212997
9,16,30,0.213788
9,16,30,0.220566
9,16,30,0.226569
9,16,30,0.222621
9,16,30,0.220381
9,16,30,