size,threads,percent_fill,time
9,35,90,0.211587
9,35,90,0.188981
9,35,90,0.0714813
