size,threads,percent_fill,time
9,36,90,0.210204
9,36,90,0.182587
9,36,90,0.0652323
