size,threads,percent_fill,time
16,36,60,10.102
16,36,60,2.36426
16,36,60,2.5999
16,36,60,2.09677
16,36,60,7.61078
16,36,60,1.7838
16,36,60,111.993
16,36,60,126.128
16,36,60,148.195
16,36,60,6.4144
16,36,60,59.4164
16,36,60,13.8104
16,36,60,2.07299
16,36,60,15.2759
16,36,60,17.2136
