size,threads,percent_fill,time
9,8,55,0.0435337
9,8,55,0.113042
9,8,55,0.0464966
9,8,55,0.0628758
9,8,55,0.060957
