size,threads,percent_fill,time
4,2,80,0.000498605
4,2,80,0.0002789
4,2,80,0.000780185
4,2,80,0.000866914
4,2,80,0.000749999
4,2,80,0.00046381
