size,threads,percent_fill,time
9,2,70,0.027366
9,2,70,0.0249938
9,2,70,0.0361803
9,2,70,0.0260974
9,2,70,0.0277066
9,2,70,0.0270953
9,2,70,0.0310591
9,2,70,0.0383236
9,2,70,0.022391
9,2,70,0.0302761
9,2,70,0.0371921
9,2,70,0.0324096
9,2,70,0.0240227
9,2,70,0.0328974
9,2,70,0.0381389
