size,threads,percent_fill,time
4,32,60,0.00172487
4,32,60,0.00335304
4,32,60,0.0019558
4,32,60,0.00107624
4,32,60,0.00167135
4,32,60,0.00210082
