size,threads,percent_fill,time
4,16,50,0.00303314
4,16,50,0.00218568
4,16,50,0.00189788
4,16,50,0.0014727
4,16,50,0.000955602
4,16,50,0.00270415
