size,threads,percent_fill,time
4,4,30,0.002894
4,4,30,0.0023801
4,4,30,0.002788460.00279321
4,4,30,0.00235238
4,4,30,0.00168636
4,4,30,0.00224038
