size,threads,percent_fill,time
9,8,30,1.03977
9,8,30,0.429902
9,8,30,0.154214
9,8,30,0.294019
9,8,30,0.308729
9,8,30,0.219833
9,8,30,0.493834
9,8,30,0.0713861
9,8,30,0.270445
9,8,30,0.197457
9,8,30,0.154066
9,8,30,0.311667
9,8,30,0.219062
9,8,30,0.272238
9,8,30,11.918
