size,threads,percent_fill,time
4,32,65,0.00169605
4,32,65,0.00107984
4,32,65,0.00134922
4,32,65,0.00325484
4,32,65,0.00161345
4,32,65,0.000880225
4,32,65,0.001731
4,32,65,0.000680421
4,32,65,0.00199416
4,32,65,0.000904499
4,32,65,0.00155659
4,32,65,0.00148607
4,32,65,0.001559
4,32,65,0.00163417
4,32,65,0.00192017
