size,threads,percent_fill,time
4,16,70,0.00101928
4,16,70,0.00108996
4,16,70,0.0012034
4,16,70,0.00126954
4,16,70,0.0011099
4,16,70,0.00140819
