size,threads,percent_fill,time
9,16,75,0.0339503
9,16,75,0.0358777
9,16,75,0.0186029
9,16,75,0.0224427
9,16,75,0.0281884
