size,threads,percent_fill,time
4,4,50,0.000971487
4,4,50,0.0018711
4,4,50,0.00141317
4,4,50,0.00225423
4,4,50,0.000639034
4,4,50,0.00113824
4,4,50,0.00137174
4,4,50,0.00102365
4,4,50,0.0015663
4,4,50,0.00125936
4,4,50,0.00188884
4,4,50,0.00173317
4,4,50,0.00092393
4,4,50,0.00163412
4,4,50,0.00196153
