size,threads,percent_fill,time
4,32,40,0.00368475
4,32,40,0.00210531
4,32,40,0.00144003
4,32,40,0.0017924
4,32,40,0.00365737
4,32,40,0.00318963
