size,threads,percent_fill,time
9,8,55,0.0287488
9,8,55,0.0541919
9,8,55,0.0559236
9,8,55,0.103495
9,8,55,0.135721
9,8,55,0.0549973
9,8,55,0.0625802
9,8,55,0.0554992
9,8,55,0.0724698
9,8,55,0.0479789
9,8,55,0.084635
9,8,55,0.0986322
9,8,55,0.0553754
9,8,55,0.0415451
9,8,55,0.041624
