size,threads,percent_fill,time
9,4,75,0.025141
9,4,75,0.0239967
9,4,75,0.028708
9,4,75,0.0219124
9,4,75,0.0191827
9,4,75,0.0244666
9,4,75,0.0230124
9,4,75,0.0309261
9,4,75,0.0150726
9,4,75,0.0239387
9,4,75,0.0322653
9,4,75,0.0226217
9,4,75,0.0214467
9,4,75,0.0391225
9,4,75,0.0450983
