size,threads,percent_fill,time
9,4,80,0.0284781
9,4,80,0.025002
9,4,80,0.0203982
9,4,80,0.0198937
9,4,80,0.0185392
