size,threads,percent_fill,time
4,2,35,0.00205251
4,2,35,0.00163988
4,2,35,0.00150151
4,2,35,0.0021417
4,2,35,0.000923298
4,2,35,0.00187945
4,2,35,0.00125362
4,2,35,0.0018085
4,2,35,0.000698909
4,2,35,0.000806503
4,2,35,0.0013601
4,2,35,0.000929475
4,2,35,0.0015834
4,2,35,0.00135431
4,2,35,0.000739345
