size,threads,percent_fill,time
9,32,40,0.14831
9,32,40,0.0953967
9,32,40,0.661271
9,32,40,0.200173
9,32,40,0.16212
9,32,40,0.532054
9,32,40,0.314739
9,32,40,0.136253
9,32,40,0.108893
9,32,40,0.107801
9,32,40,0.105916
9,32,40,0.538584
9,32,40,0.462547
9,32,40,0.45024
9,32,40,0.196454
