size,threads,percent_fill,time
4,8,30,0.00169536
4,8,30,0.000576286
4,8,30,0.00111439
4,8,30,0.00271911
4,8,30,0.000681924
4,8,30,0.0013776
4,8,30,0.00202171
4,8,30,0.00115297
4,8,30,0.00203823
4,8,30,0.00263258
4,8,30,0.00219632
4,8,30,0.000896916
4,8,30,0.000469813
4,8,30,0.00250484
4,8,30,0.0016208
