size,threads,percent_fill,time
9,2,30,0.145702
9,2,30,1.4564
9,2,30,0.170197
9,2,30,2.42067
9,2,30,3.55455
9,2,30,