size,threads,percent_fill,time
4,16,75,0.00131903
4,16,75,0.00151545
4,16,75,0.000552453
4,16,75,0.00127945
4,16,75,0.00132802
4,16,75,0.000854023
4,16,75,0.00107556
4,16,75,0.000730816
4,16,75,0.00188018
4,16,75,0.000542799
4,16,75,0.000757588
4,16,75,0.00060395
4,16,75,0.00150097
4,16,75,0.00126981
4,16,75,0.00143423
