size,threads,percent_fill,time
9,4,40,0.126251
9,4,40,20.5687
9,4,40,0.261765
9,4,40,0.172361
9,4,40,0.410884
9,4,40,0.46406
9,4,40,0.755237
9,4,40,4.84698
9,4,40,0.176611
9,4,40,0.106365
9,4,40,0.105155
9,4,40,0.134286
9,4,40,0.110024
9,4,40,0.233009
9,4,40,0.146052
