size,threads,percent_fill,time
4,16,40,0.00282294
4,16,40,0.0018767
4,16,40,0.00111419
4,16,40,0.000669723
4,16,40,0.00305973
4,16,40,0.00282283
