size,threads,percent_fill,time
9,32,65,0.0326955
9,32,65,0.0312292
9,32,65,0.0342557
9,32,65,0.0313346
9,32,65,0.0306784
9,32,65,0.0372425
9,32,65,0.0289608
9,32,65,0.0535984
9,32,65,0.0223229
9,32,65,0.0276772
9,32,65,0.0336506
9,32,65,0.0799685
9,32,65,0.0255319
9,32,65,0.0450199
9,32,65,0.0412348
9,32,65,0.0366061
