size,threads,percent_fill,time
4,32,35,0.00323531
4,32,35,0.00278573
4,32,35,0.00192325
4,32,35,0.00319113
4,32,35,0.00136466
4,32,35,0.00222104
4,32,35,0.00109152
4,32,35,0.00303336
4,32,35,0.00143984
4,32,35,0.00319545
4,32,35,0.00292752
4,32,35,0.0033957
4,32,35,0.00224037
4,32,35,0.0022868
4,32,35,0.00210653
