size,threads,percent_fill,time
9,16,40,0.185497
9,16,40,0.164702
9,16,40,0.256363
9,16,40,0.188765
9,16,40,0.112443
9,16,40,0.104511
9,16,40,0.307133
9,16,40,0.251852
9,16,40,0.104826
9,16,40,0.13987
9,16,40,0.241952
9,16,40,0.0497275
9,16,40,0.1973
9,16,40,0.0868331
9,16,40,0.161881
