size,threads,percent_fill,time
4,4,35,0.00284538
4,4,35,0.00210342
4,4,35,0.0026576
4,4,35,0.00218539
4,4,35,0.00258292
4,4,35,0.00207943
