size,threads,percent_fill,time
9,4,60,0.08159
9,4,60,0.0350369
9,4,60,0.0308041
9,4,60,0.0529153
9,4,60,0.0366606
