size,threads,percent_fill,time
4,2,50,0.00174596
4,2,50,0.00162643
4,2,50,0.00131564
4,2,50,0.00125897
4,2,50,0.00146153
4,2,50,0.0019484
