size,threads,percent_fill,time
4,2,60,0.00104955
4,2,60,0.00163166
4,2,60,0.00128095
4,2,60,0.00126387
4,2,60,0.00105635
4,2,60,0.00120274
