size,threads,percent_fill,time
4,16,35,0.00355847
4,16,35,0.00233938
4,16,35,0.0013735
4,16,35,0.00222125
4,16,35,0.00292216
4,16,35,0.00248038
