size,threads,percent_fill,time
9,2,75,0.0323347
9,2,75,0.020847
9,2,75,0.0217233
9,2,75,0.0207941
9,2,75,0.0225124
