size,threads,percent_fill,time
4,4,50,0.00249782
4,4,50,0.00185687
4,4,50,0.00134515
4,4,50,0.00129083
4,4,50,0.00144358
4,4,50,0.00232923
