size,threads,percent_fill,time
4,2,30,0.00242111
4,2,30,0.000719858
4,2,30,0.000829937
4,2,30,0.00147825
4,2,30,0.000631267
4,2,30,0.00191083
