size,threads,percent_fill,time
4,2,50,0.00142664
4,2,50,0.00135091
4,2,50,0.000366142
4,2,50,0.00123917
4,2,50,0.00128714
4,2,50,0.00113115
4,2,50,0.000578396
4,2,50,0.0011159
4,2,50,0.00111844
4,2,50,0.000843586
4,2,50,0.00113884
4,2,50,0.000410831
4,2,50,0.00141693
4,2,50,0.00122119
4,2,50,0.00100287
