size,threads,percent_fill,time
4,16,80,0.000767348
4,16,80,0.000703029
4,16,80,0.00107059
4,16,80,0.00112988
4,16,80,0.00105308
4,16,80,0.000756098
