size,threads,percent_fill,time
9,8,45,0.06004
9,8,45,0.0827378
9,8,45,0.0726893
9,8,45,0.272463
9,8,45,0.179632
