size,threads,percent_fill,time
9,2,55,0.0423505
9,2,55,0.113816
9,2,55,0.0445333
9,2,55,0.0619678
9,2,55,0.060545
