size,threads,percent_fill,time
9,8,50,0.083343
9,8,50,0.0564773
9,8,50,0.143691
9,8,50,0.047712
9,8,50,0.0595463
9,8,50,0.730312
9,8,50,0.0498617
9,8,50,0.0837179
9,8,50,0.0636045
9,8,50,0.207333
9,8,50,0.0407397
9,8,50,0.102499
9,8,50,0.0838973
9,8,50,0.203234
9,8,50,0.0776139
