size,threads,percent_fill,time
4,32,55,0.00184416
4,32,55,0.00229246
4,32,55,0.00170282
4,32,55,0.00299922
4,32,55,0.00115283
4,32,55,0.00119673
4,32,55,0.00186368
4,32,55,0.0024127
4,32,55,0.00185789
4,32,55,0.00174865
4,32,55,0.00275754
4,32,55,0.00208407
4,32,55,0.00184414
4,32,55,0.00185754
4,32,55,0.00277326
