size,threads,percent_fill,time
9,16,65,0.0355049
9,16,65,0.0344377
9,16,65,0.02949
9,16,65,0.0352296
9,16,65,0.0315082
