size,threads,percent_fill,time
4,8,50,0.00160364
4,8,50,0.000773931
4,8,50,0.000505716
4,8,50,0.00132943
4,8,50,0.00176072
4,8,50,0.00120451
4,8,50,0.00120563
4,8,50,0.000504445
4,8,50,0.000509514
4,8,50,0.0011251
4,8,50,0.00149306
4,8,50,0.000489037
4,8,50,0.00172989
4,8,50,0.00133794
4,8,50,0.00165592
