size,threads,percent_fill,time
4,8,80,0.000847345
4,8,80,0.0011142
4,8,80,0.00108468
4,8,80,0.000886105
4,8,80,0.00102265
4,8,80,0.000753619
4,8,80,0.000888875
4,8,80,0.000453178
4,8,80,0.00031987
4,8,80,0.000739878
4,8,80,0.000519844
4,8,80,0.000284743
4,8,80,0.000744518
4,8,80,0.000785766
4,8,80,0.00100523
