size,threads,percent_fill,time
9,4,70,0.0325178
9,4,70,0.0294776
9,4,70,0.0254121
9,4,70,0.0278841
9,4,70,0.0242827
