size,threads,percent_fill,time
4,32,80,0.00164726
4,32,80,0.00158489
4,32,80,0.00126193
4,32,80,0.00120003
4,32,80,0.00150164
4,32,80,0.000988068
4,32,80,0.00159738
4,32,80,0.000816738
4,32,80,0.000658901
4,32,80,0.00105098
4,32,80,0.000721633
4,32,80,0.000618484
4,32,80,0.00125141
4,32,80,0.000982486
4,32,80,0.00158306
