size,threads,percent_fill,time
9,2,50,0.0826629
9,2,50,0.10767
9,2,50,0.125803
9,2,50,0.0408256
9,2,50,1.3232
9,2,50,0.485554
9,2,50,0.143484
9,2,50,0.0892088
9,2,50,0.0556004
9,2,50,0.253553
9,2,50,0.0464254
9,2,50,0.0869088
9,2,50,0.714557
9,2,50,0.174821
9,2,50,0.0771081
