size,threads,percent_fill,time
4,4,40,0.00268124
4,4,40,0.00167945
4,4,40,0.0025558
4,4,40,0.00131939
4,4,40,0.0023433
4,4,40,0.00236461
