size,threads,percent_fill,time
4,32,70,0.00157255
4,32,70,0.00185184
4,32,70,0.00150563
4,32,70,0.00154477
4,32,70,0.00117568
4,32,70,0.00173506
