size,threads,percent_fill,time
4,8,30,0.00362271
4,8,30,0.00243876
4,8,30,0.000992558
4,8,30,0.002093
4,8,30,0.00181809
4,8,30,0.000738423
