size,threads,percent_fill,time
4,2,75,0.00063945
4,2,75,0.000503294
4,2,75,0.000791187
4,2,75,0.00100088
4,2,75,0.000767787
4,2,75,0.000632452
