size,threads,percent_fill,time
4,16,50,0.00118545
4,16,50,0.00166036
4,16,50,0.00154369
4,16,50,0.00275446
4,16,50,0.000897868
4,16,50,0.00134205
4,16,50,0.00165855
4,16,50,0.00200147
4,16,50,0.00167197
4,16,50,0.00143522
4,16,50,0.00205233
4,16,50,0.00214136
4,16,50,0.00180048
4,16,50,0.000982122
4,16,50,0.00301999
