size,threads,percent_fill,time
9,4,55,0.0431327
9,4,55,0.114465
9,4,55,0.0523349
9,4,55,0.0627127
9,4,55,0.0603678
