size,threads,percent_fill,time
9,2,45,0.0698682
9,2,45,0.0574516
9,2,45,0.372775
9,2,45,0.88507
9,2,45,0.15094
