size,threads,percent_fill,time
4,2,60,0.00173972
4,2,60,0.000926105
4,2,60,0.000613859
4,2,60,0.00166275
4,2,60,0.000615196
4,2,60,0.000580026
4,2,60,0.00128455
4,2,60,0.000862323
4,2,60,0.00142547
4,2,60,0.0011289
4,2,60,0.00115225
4,2,60,0.00125739
4,2,60,0.00117039
4,2,60,0.00098262
4,2,60,0.00087061
