size,threads,percent_fill,time
9,16,35,0.181352
9,16,35,0.0784515
9,16,35,0.108239
9,16,35,0.486711
9,16,35,0.0792535
