size,threads,percent_fill,time
4,32,40,0.00249015
4,32,40,0.00263703
4,32,40,0.00156871
4,32,40,0.00205597
4,32,40,0.00292342
4,32,40,0.00163403
4,32,40,0.00551616
4,32,40,0.0016972
4,32,40,0.00112746
4,32,40,0.0035151
4,32,40,0.00262493
4,32,40,0.00151308
4,32,40,0.00257757
4,32,40,0.000862982
4,32,40,0.00254351
