size,threads,percent_fill,time
4,4,70,0.000658336
4,4,70,0.000797638
4,4,70,0.000969538
4,4,70,0.0011502
4,4,70,0.000796867
4,4,70,0.00109085
