size,threads,percent_fill,time
4,8,40,0.00177934
4,8,40,0.00162677
4,8,40,0.000560956
4,8,40,0.00271214
4,8,40,0.00102115
4,8,40,0.00152642
4,8,40,0.00155947
4,8,40,0.00151752
4,8,40,0.00113803
4,8,40,0.00366197
4,8,40,0.000672448
4,8,40,0.0021171
4,8,40,0.00165983
4,8,40,0.00263536
4,8,40,0.00236845
