size,threads,percent_fill,time
9,16,40,0.147586
9,16,40,0.0887459
9,16,40,0.661468
9,16,40,0.198109
9,16,40,0.161801
9,16,40,0.464471
9,16,40,0.534061
9,16,40,0.114042
9,16,40,0.108766
9,16,40,0.0906163
9,16,40,0.124242
9,16,40,0.539094
9,16,40,0.134971
9,16,40,0.448483
9,16,40,0.194561
