size,threads,percent_fill,time
9,2,60,0.0341964
9,2,60,0.0382919
9,2,60,0.0502426
9,2,60,0.046751
9,2,60,0.135402
9,2,60,0.0466301
9,2,60,0.0540664
9,2,60,0.0511377
9,2,60,0.0474215
9,2,60,0.0415477
9,2,60,0.114274
9,2,60,0.0848674
9,2,60,0.0318942
9,2,60,0.0425074
9,2,60,0.047971
