size,threads,percent_fill,time
9,32,30,0.143237
9,32,30,0.12884
9,32,30,0.197219
9,32,30,0.311719
9,32,30,0.121311
9,32,30,0.141445
9,32,30,0.441036
9,32,30,0.228631
9,32,30,0.104749
9,32,30,0.78845
9,32,30,0.123658
9,32,30,0.154598
9,32,30,0.261854
9,32,30,0.31749
9,32,30,0.114251
