size,threads,percent_fill,time
9,8,60,0.0349574
9,8,60,0.0348518
9,8,60,0.0599217
9,8,60,0.0473318
9,8,60,0.0568973
9,8,60,0.053831
9,8,60,0.0464114
9,8,60,0.0518422
9,8,60,0.041767
9,8,60,0.0459747
9,8,60,0.0987534
9,8,60,0.0853989
9,8,60,0.0290626
9,8,60,0.0376353
9,8,60,0.0479208
