size,threads,percent_fill,time
9,2,40,2.31581
9,2,40,2.78436
9,2,40,0.260425
9,2,40,0.174265
9,2,40,0.409285
9,2,40,0.49277
9,2,40,1.74714
9,2,40,250.731
9,2,40,0.176617
9,2,40,0.0907245
9,2,40,0.123446
9,2,40,0.133376
9,2,40,0.114358
9,2,40,0.231469
9,2,40,0.124091
