size,threads,percent_fill,time
4,8,45,0.00164892
4,8,45,0.00182084
4,8,45,0.001468
4,8,45,0.00106559
4,8,45,0.000892162
4,8,45,0.00125109
4,8,45,0.00190637
4,8,45,0.000839228
4,8,45,0.00159349
4,8,45,0.000575071
4,8,45,0.00201566
4,8,45,0.00228789
4,8,45,0.00169487
4,8,45,0.000958165
4,8,45,0.00311382
