size,threads,percent_fill,time
9,32,40,0.0996808
9,32,40,0.164234
9,32,40,0.25697
9,32,40,3.89389
9,32,40,0.112514
9,32,40,0.0894087
9,32,40,0.308374
9,32,40,0.312446
9,32,40,0.104756
9,32,40,0.173108
9,32,40,0.196799
9,32,40,0.0657748
9,32,40,0.545603
9,32,40,0.227308
9,32,40,0.163089
