size,threads,percent_fill,time
9,16,55,0.0437514
9,16,55,0.0379773
9,16,55,0.0517727
9,16,55,0.0628258
9,16,55,0.0609746
