size,threads,percent_fill,time
9,8,30,0.143867
9,8,30,0.1339
9,8,30,0.16796
9,8,30,0.420936
9,8,30,0.148744
