size,threads,percent_fill,time
9,2,40,0.670719
9,2,40,0.0675104
9,2,40,0.12939
9,2,40,0.69841
9,2,40,3.08202
