size,threads,percent_fill,time
9,2,50,0.0492167
9,2,50,0.487581
9,2,50,0.293278
9,2,50,0.112781
9,2,50,0.0715443
