size,threads,percent_fill,time
4,4,40,0.00141191
4,4,40,0.00198107
4,4,40,0.00141794
4,4,40,0.0020563
4,4,40,0.00093179
4,4,40,0.00142142
4,4,40,0.00145112
4,4,40,0.0012935
4,4,40,0.000636056
4,4,40,0.00326473
4,4,40,0.00196743
4,4,40,0.002147950.00215329
4,4,40,0.000980418
4,4,40,0.00118959
4,4,40,0.00105182
