size,threads,percent_fill,time
4,4,45,0.00246962
4,4,45,0.000850354
4,4,45,0.00191317
4,4,45,0.00130367
4,4,45,0.00234994
4,4,45,0.00245947
