size,threads,percent_fill,time
9,2,35,0.0926911
9,2,35,0.102815
9,2,35,1.84449
9,2,35,0.575675
9,2,35,0.0937937
9,2,35,0.403965
9,2,35,0.29679
9,2,35,0.187743
9,2,35,0.10677
9,2,35,0.460482
9,2,35,0.962105
9,2,35,0.141742
9,2,35,0.0781844
9,2,35,0.15131
9,2,35,3.0531
