size,threads,percent_fill,time
4,8,60,0.00110699
4,8,60,0.00224581
4,8,60,0.00142428
4,8,60,0.00137471
4,8,60,0.000552904
4,8,60,0.00132284
