size,threads,percent_fill,time
9,32,70,0.0181003
9,32,70,0.0226992
9,32,70,0.0298648
9,32,70,0.0211979
9,32,70,0.0289798
9,32,70,0.0293386
9,32,70,0.0237633
9,32,70,0.0330582
9,32,70,0.0257367
9,32,70,0.0272197
9,32,70,0.0377208
9,32,70,0.0507484
9,32,70,0.0293317
9,32,70,0.0395488
9,32,70,0.038042
9,32,70,0.0294567
