size,threads,percent_fill,time
9,16,70,0.0271876
9,16,70,0.0299034
9,16,70,0.024957
9,16,70,0.0286407
9,16,70,0.01706
