size,threads,percent_fill,time
4,2,45,0.00205298
4,2,45,0.000677218
4,2,45,0.000599488
4,2,45,0.0012624
4,2,45,0.00164705
4,2,45,0.00164112
