size,threads,percent_fill,time
9,4,50,0.0955218
9,4,50,0.055825
9,4,50,0.1222
9,4,50,0.0375996
9,4,50,0.273547
9,4,50,0.676189
9,4,50,0.0573992
9,4,50,0.087966
9,4,50,0.0636301
9,4,50,0.253637
9,4,50,0.054383
9,4,50,0.103232
9,4,50,0.0872971
9,4,50,0.206096
9,4,50,0.0783556
