size,threads,percent_fill,time
9,32,80,0.0150588
9,32,80,0.0124901
9,32,80,0.0116602
9,32,80,0.0150569
9,32,80,0.0204087
9,32,80,0.0221766
9,32,80,0.0149745
9,32,80,0.0209333
9,32,80,0.0158582
9,32,80,0.0169388
9,32,80,0.0214509
9,32,80,0.0211575
9,32,80,0.0195713
9,32,80,0.0284488
9,32,80,0.0359125
9,32,80,0.0160002
