size,threads,percent_fill,time
4,8,40,0.00164604
4,8,40,0.00183404
4,8,40,0.000876714
4,8,40,0.00175987
4,8,40,0.00233016
4,8,40,0.000539809
4,8,40,0.00178166
4,8,40,0.000692055
4,8,40,0.00207981
4,8,40,0.00316976
4,8,40,0.000588581
4,8,40,0.000534989
4,8,40,0.00194048
4,8,40,0.00164945
4,8,40,0.00177601
