size,threads,percent_fill,time
4,4,55,0.000926299
4,4,55,0.000943406
4,4,55,0.00128117
4,4,55,0.00236906
4,4,55,0.000616452
4,4,55,0.000778854
4,4,55,0.00102833
4,4,55,0.00164126
4,4,55,0.00160155
4,4,55,0.00115531
4,4,55,0.0018074
4,4,55,0.00132828
4,4,55,0.00137693
4,4,55,0.00128636
4,4,55,0.00170954
