size,threads,percent_fill,time
4,8,65,0.00188181
4,8,65,0.00125297
4,8,65,0.00105935
4,8,65,0.00246186
4,8,65,0.00118933
4,8,65,0.000354059
4,8,65,0.00127206
4,8,65,0.000813423
4,8,65,0.00156713
4,8,65,0.000638746
4,8,65,0.00124559
4,8,65,0.00109998
4,8,65,0.00113375
4,8,65,0.00108086
4,8,65,0.00116349
