size,threads,percent_fill,time
4,4,45,0.00133072
4,4,45,0.0018729
4,4,45,0.00139718
4,4,45,0.00198769
4,4,45,0.000781881
4,4,45,0.00118497
4,4,45,0.0014716
4,4,45,0.00185985
4,4,45,0.00157495
4,4,45,0.00138303
4,4,45,0.0019466
4,4,45,0.00182979
4,4,45,0.00154441
4,4,45,0.00151805
4,4,45,0.00284023
