size,threads,percent_fill,time
4,8,50,0.00100209
4,8,50,0.00172146
4,8,50,0.000527656
4,8,50,0.0026255
4,8,50,0.000715898
4,8,50,0.00121645
4,8,50,0.0013928
4,8,50,0.00160643
4,8,50,0.00158157
4,8,50,0.00131313
4,8,50,0.00195548
4,8,50,0.00203415
4,8,50,0.00139821
4,8,50,0.00170936
4,8,50,0.00244696
