size,threads,percent_fill,time
9,32,30,18.5844
9,32,30,3.51132
9,32,30,0.122219
9,32,30,0.218822
9,32,30,0.988742
9,32,30,8.36931
9,32,30,0.513145
9,32,30,0.244708
9,32,30,0.155892
9,32,30,0.103482
9,32,30,5.85245
9,32,30,0.208688
9,32,30,0.109394
9,32,30,21.4287
9,32,30,0.134707
9,32,30,1.10118
