size,threads,percent_fill,time
9,16,50,0.0496985
9,16,50,0.292173
9,16,50,0.0755139
9,16,50,0.0625338
9,16,50,0.0719968
