size,threads,percent_fill,time
4,8,80,0.000565172
4,8,80,0.000492843
4,8,80,0.000875776
4,8,80,0.000975658
4,8,80,0.000907348
4,8,80,0.000533249
