size,threads,percent_fill,time
9,16,70,0.0261231
9,16,70,0.0265819
9,16,70,0.041095
9,16,70,0.0279819
9,16,70,0.0277024
9,16,70,0.0249483
9,16,70,0.0308635
9,16,70,0.0482755
9,16,70,0.0163937
9,16,70,0.0293977
9,16,70,0.0327892
9,16,70,0.0330706
9,16,70,0.0260359
9,16,70,0.0448966
9,16,70,0.0385104
