size,threads,percent_fill,time
9,16,80,0.0260876
9,16,80,0.011765
9,16,80,0.0179618
9,16,80,0.0167852
9,16,80,0.0192197
9,16,80,0.0174282
9,16,80,0.0212407
9,16,80,0.0156635
9,16,80,0.0139111
9,16,80,0.0224075
9,16,80,0.0198271
9,16,80,0.0206441
9,16,80,0.0183661
9,16,80,0.0230246
9,16,80,0.0239802
