size,threads,percent_fill,time
4,16,30,0.00371876
4,16,30,0.00280437
4,16,30,0.00257359
4,16,30,0.00261241
4,16,30,0.00102041
4,16,30,0.00256285
