size,threads,percent_fill,time
4,16,60,0.00236575
4,16,60,0.00118893
4,16,60,0.00116316
4,16,60,0.00252243
4,16,60,0.00168099
4,16,60,0.000877738
4,16,60,0.00154988
4,16,60,0.00153227
4,16,60,0.00160844
4,16,60,0.00131213
4,16,60,0.00169304
4,16,60,0.001745
4,16,60,0.00147267
4,16,60,0.00130585
4,16,60,0.00131022
