size,threads,percent_fill,time
4,32,80,0.00144126
4,32,80,0.000951371
4,32,80,0.00140233
4,32,80,0.00131863
4,32,80,0.00243606
4,32,80,0.00116051
