size,threads,percent_fill,time
9,4,65,0.0347297
9,4,65,0.0395763
9,4,65,0.0298573
9,4,65,0.02893
9,4,65,0.0313456
