size,threads,percent_fill,time
4,2,75,0.000952555
4,2,75,0.00104373
4,2,75,0.000998156
4,2,75,0.000989286
4,2,75,0.000925569
4,2,75,0.000610171
4,2,75,0.000756048
4,2,75,0.000594856
4,2,75,0.00138841
4,2,75,0.000411952
4,2,75,0.000592245
4,2,75,0.000445364
4,2,75,0.00106637
4,2,75,0.000998389
4,2,75,0.000980396
