size,threads,percent_fill,time
4,8,50,0.00281805
4,8,50,0.00185896
4,8,50,0.00142937
4,8,50,0.00138232
4,8,50,0.00151513
4,8,50,0.00252538
