size,threads,percent_fill,time
9,8,80,0.022153
9,8,80,0.00965679
9,8,80,0.0194132
9,8,80,0.017467
9,8,80,0.0175278
9,8,80,0.0188215
9,8,80,0.0176668
9,8,80,0.0139279
9,8,80,0.0105911
9,8,80,0.0224686
9,8,80,0.0145696
9,8,80,0.0164383
9,8,80,0.0181576
9,8,80,0.0196594
9,8,80,0.0214297
