size,threads,percent_fill,time
4,4,65,0.00107432
4,4,65,0.00185942
4,4,65,0.00121496
4,4,65,0.00113884
4,4,65,0.00103878
4,4,65,0.00120877
