size,threads,percent_fill,time
9,16,45,0.0614787
9,16,45,0.0820875
9,16,45,0.0758162
9,16,45,0.74989
9,16,45,0.0716098
