size,threads,percent_fill,time
9,16,65,0.0316999
9,16,65,0.03117
9,16,65,0.053637
9,16,65,0.0323848
9,16,65,0.0363801
9,16,65,0.0520709
9,16,65,0.0353645
9,16,65,0.0540165
9,16,65,0.0403507
9,16,65,0.039891
9,16,65,0.0435244
9,16,65,0.04324
9,16,65,0.029239
9,16,65,0.035319
9,16,65,0.0319847
