size,threads,percent_fill,time
9,16,50,0.0965868
9,16,50,0.0571547
9,16,50,0.14945
9,16,50,0.0350125
9,16,50,0.0634062
9,16,50,0.0466112
9,16,50,0.0567676
9,16,50,0.0837729
9,16,50,0.0620698
9,16,50,0.254567
9,16,50,0.0408731
9,16,50,0.10372
9,16,50,0.106518
9,16,50,0.208393
9,16,50,0.0603028
