size,threads,percent_fill,time
9,16,30,0.137359
9,16,30,0.128686
9,16,30,0.484222
9,16,30,0.315562
9,16,30,0.104488
9,16,30,0.141596
9,16,30,0.404125
9,16,30,0.114187
9,16,30,2.11166
9,16,30,0.819528
9,16,30,0.154328
9,16,30,0.153016
9,16,30,0.24489
9,16,30,2.26603
9,16,30,0.106654
