size,threads,percent_fill,time
9,2,65,0.035213
9,2,65,0.0353386
9,2,65,0.0251999
9,2,65,0.0351689
9,2,65,0.0257053
