size,threads,percent_fill,time
4,2,40,0.000836572
4,2,40,0.00129396
4,2,40,0.000813691
4,2,40,0.00129968
4,2,40,0.00158886
4,2,40,0.00129162
4,2,40,0.00119058
4,2,40,0.00052301
4,2,40,0.000519995
4,2,40,0.0016685
4,2,40,0.00113477
4,2,40,0.000516934
4,2,40,0.00140788
4,2,40,0.00153237
4,2,40,0.00077847
