size,threads,percent_fill,time
4,16,65,0.00156689
4,16,65,0.00162668
4,16,65,0.001449
4,16,65,0.00130318
4,16,65,0.00133371
4,16,65,0.00148017
