size,threads,percent_fill,time
4,2,55,0.000923881
4,2,55,0.000912042
4,2,55,0.00126371
4,2,55,0.00204847
4,2,55,0.000643792
4,2,55,0.000745185
4,2,55,0.000996439
4,2,55,0.00122242
4,2,55,0.00123293
4,2,55,0.00113131
4,2,55,0.00177607
4,2,55,0.0012594
4,2,55,0.00133111
4,2,55,0.00102895
4,2,55,0.00141019
