size,threads,percent_fill,time
4,4,75,0.000987783
4,4,75,0.00107608
4,4,75,0.00109521
4,4,75,0.00108176
4,4,75,0.000984974
4,4,75,0.000705859
4,4,75,0.000823934
4,4,75,0.00059272
4,4,75,0.00155948
4,4,75,0.000419008
4,4,75,0.00063823
4,4,75,0.000464948
4,4,75,0.00107029
4,4,75,0.00106983
4,4,75,0.00107817
