size,threads,percent_fill,time
4,8,45,0.00205282
4,8,45,0.00228211
4,8,45,0.00174
4,8,45,0.00138686
4,8,45,0.00244147
4,8,45,0.0025065
