size,threads,percent_fill,time
4,4,50,0.00146493
4,4,50,0.00176939
4,4,50,0.000503844
4,4,50,0.00130136
4,4,50,0.00183444
4,4,50,0.000715174
4,4,50,0.00116988
4,4,50,0.0011385
4,4,50,0.00109605
4,4,50,0.00205418
4,4,50,0.00185832
4,4,50,0.000456555
4,4,50,0.00169484
4,4,50,0.00141774
4,4,50,0.00170451
