size,threads,percent_fill,time
4,32,30,0.00535282
4,32,30,0.0029253
4,32,30,0.00195851
4,32,30,0.00304964
4,32,30,0.00210808
4,32,30,0.00285924
4,32,30,0.00177685
4,32,30,0.00299751
4,32,30,0.00376067
4,32,30,0.00305583
4,32,30,0.00146156
4,32,30,0.00340606
4,32,30,0.00258751
4,32,30,0.00261401
4,32,30,0.00298702
