size,threads,percent_fill,time
9,2,70,0.032967
9,2,70,0.0304882
9,2,70,0.0237461
9,2,70,0.0274157
9,2,70,0.0254157
