size,threads,percent_fill,time
4,2,65,0.00105932
4,2,65,0.00129395
4,2,65,0.00117749
4,2,65,0.00108299
4,2,65,0.00108398
4,2,65,0.0011878
