size,threads,percent_fill,time
4,4,60,0.00111576
4,4,60,0.00159532
4,4,60,0.00134982
4,4,60,0.00130161
4,4,60,0.00109314
4,4,60,0.00124741
