size,threads,percent_fill,time
4,16,30,0.00234605
4,16,30,0.00179446
4,16,30,0.00160226
4,16,30,0.00272041
4,16,30,0.00248108
4,16,30,0.00144174
4,16,30,0.00224589
4,16,30,0.00249632
4,16,30,0.001557
4,16,30,0.00259535
4,16,30,0.00245373
4,16,30,0.00235045
4,16,30,0.00117689
4,16,30,0.00263304
4,16,30,0.000647642
