size,threads,percent_fill,time
9,32,50,0.100859
9,32,50,0.0391675
9,32,50,0.0515866
9,32,50,0.0523417
9,32,50,0.0609098
9,32,50,0.658417
9,32,50,0.0614496
9,32,50,0.0797542
9,32,50,0.15638
9,32,50,0.0461421
9,32,50,0.185751
9,32,50,0.0423215
9,32,50,0.0732314
9,32,50,0.0970098
9,32,50,0.119733
9,32,50,0.133939
