size,threads,percent_fill,time
4,2,45,0.00127457
4,2,45,0.00166365
4,2,45,0.00137822
4,2,45,0.00112134
4,2,45,0.000782661
4,2,45,0.0011433
4,2,45,0.00100336
4,2,45,0.000530744
4,2,45,0.00125766
4,2,45,0.000842204
4,2,45,0.00192499
4,2,45,0.00167005
4,2,45,0.00149888
4,2,45,0.00103982
4,2,45,0.00147028
