size,threads,percent_fill,time
9,2,30,107.279
9,2,30,11.4335
9,2,30,0.289113
9,2,30,0.365528
9,2,30,0.650574
9,2,30,1.77897
9,2,30,0.985306
9,2,30,0.713812
9,2,30,2.47678
9,2,30,0.957401
9,2,30,0.779809
9,2,30,0.382727
9,2,30,1.75985
9,2,30,0.705335
9,2,30,0.613436
