size,threads,percent_fill,time
9,16,60,0.0817804
9,16,60,0.0361327
9,16,60,0.0311905
9,16,60,0.0556362
9,16,60,0.0459607
