size,threads,percent_fill,time
9,4,55,0.0360954
9,4,55,0.0543281
9,4,55,0.062094
9,4,55,0.103214
9,4,55,0.132421
9,4,55,0.0502705
9,4,55,0.0535357
9,4,55,0.054106
9,4,55,0.0755479
9,4,55,0.0573358
9,4,55,0.100673
9,4,55,0.0965689
9,4,55,0.0714502
9,4,55,0.044919
9,4,55,0.0419954
