size,threads,percent_fill,time
4,4,80,0.000541842
4,4,80,0.000300727
4,4,80,0.000792188
4,4,80,0.000905838
4,4,80,0.000842933
4,4,80,0.000508514
