size,threads,percent_fill,time
4,8,40,0.00293428
4,8,40,0.00175971
4,8,40,0.00285204
4,8,40,0.00134389
4,8,40,0.00251339
4,8,40,0.00255733
