size,threads,percent_fill,time
9,16,30,3.94721
9,16,30,0.427045
9,16,30,0.170484
9,16,30,0.29555
9,16,30,0.374442
9,16,30,0.219096
9,16,30,0.152713
9,16,30,0.0864236
9,16,30,7.34951
9,16,30,0.194706
9,16,30,15.1503
9,16,30,0.313829
9,16,30,0.21925
9,16,30,0.330065
9,16,30,3.84097
