size,threads,percent_fill,time
9,8,70,0.0335789
9,8,70,0.0281576
9,8,70,0.0247427
9,8,70,0.02786
9,8,70,0.025503
