size,threads,percent_fill,time
9,16,30,0.287638
9,16,30,0.140988
9,16,30,3.94094
9,16,30,0.241543
9,16,30,0.143906
