size,threads,percent_fill,time
9,8,70,0.0242822
9,8,70,0.0273605
9,8,70,0.0372937
9,8,70,0.0277224
9,8,70,0.0277914
9,8,70,0.0240829
9,8,70,0.0295003
9,8,70,0.0453594
9,8,70,0.0163242
9,8,70,0.0304776
9,8,70,0.032271
9,8,70,0.033382
9,8,70,0.0281228
9,8,70,0.0473456
9,8,70,0.0391538
