size,threads,percent_fill,time
9,32,50,0.0479578
9,32,50,0.0776781
9,32,50,0.0774184
9,32,50,0.119046
9,32,50,0.189818
9,32,50,0.0668263
9,32,50,0.0619651
9,32,50,0.108613
9,32,50,0.126329
9,32,50,0.0810227
9,32,50,0.10727
9,32,50,0.0434165
9,32,50,0.0964911
9,32,50,0.0869736
9,32,50,0.0514354
