size,threads,percent_fill,time
4,32,40,0.00293289
4,32,40,0.00326352
4,32,40,0.00168179
4,32,40,0.00357832
4,32,40,0.00162676
4,32,40,0.00142735
4,32,40,0.00202234
4,32,40,0.00151944
4,32,40,0.00240852
4,32,40,0.00139243
4,32,40,0.0025101
4,32,40,0.00281405
4,32,40,0.0022063
4,32,40,0.00310205
4,32,40,0.00388749
