size,threads,percent_fill,time
9,8,50,0.0496364
9,8,50,1.52239
9,8,50,0.0768539
9,8,50,0.113496
9,8,50,0.0556506
