size,threads,percent_fill,time
4,32,50,0.00114086
4,32,50,0.00110325
4,32,50,0.00122864
4,32,50,0.00159194
4,32,50,0.00253864
4,32,50,0.00147215
4,32,50,0.00110972
4,32,50,0.00127841
4,32,50,0.00167185
4,32,50,0.00247087
4,32,50,0.00141608
4,32,50,0.0020225
4,32,50,0.00239125
4,32,50,0.00162287
4,32,50,0.00185257
