size,threads,percent_fill,time
4,4,70,0.00108235
4,4,70,0.00120264
4,4,70,0.00104699
4,4,70,0.00121609
4,4,70,0.000987533
4,4,70,0.000677038
4,4,70,0.00109123
4,4,70,0.000754304
4,4,70,0.00189314
4,4,70,0.000446787
4,4,70,0.00113235
4,4,70,0.00107612
4,4,70,0.0011085
4,4,70,0.00102438
4,4,70,0.00108543
