size,threads,percent_fill,time
9,16,55,0.0401876
9,16,55,0.0409878
9,16,55,0.0558882
9,16,55,0.0574086
9,16,55,0.135765
9,16,55,0.053457
9,16,55,0.061336
9,16,55,0.0481197
9,16,55,0.0894278
9,16,55,0.0583247
9,16,55,0.0999666
9,16,55,0.0937049
9,16,55,0.0713664
9,16,55,0.039761
9,16,55,0.0415312
