size,threads,percent_fill,time
9,32,75,0.0238655
9,32,75,0.0241585
9,32,75,0.0244334
9,32,75,0.02076
9,32,75,0.026824
9,32,75,0.0182995
9,32,75,0.0178962
9,32,75,0.0279203
9,32,75,0.0216668
9,32,75,0.0251136
9,32,75,0.0280228
9,32,75,0.0368883
9,32,75,0.0232755
9,32,75,0.0359004
9,32,75,0.0421055
9,32,75,0.0189477
