size,threads,percent_fill,time
9,4,40,1.75306
9,4,40,0.0648629
9,4,40,0.131637
9,4,40,0.697714
9,4,40,0.508223
