size,threads,percent_fill,time
4,32,30,0.00394555
4,32,30,0.00344303
4,32,30,0.00411454
4,32,30,0.00300336
4,32,30,0.00347105
4,32,30,0.00316689
