size,threads,percent_fill,time
4,4,30,0.0015888
4,4,30,0.00147859
4,4,30,0.00109027
4,4,30,0.000796428
4,4,30,0.00247155
4,4,30,0.00128841
4,4,30,0.00171264
4,4,30,0.00254459
4,4,30,0.00196857
4,4,30,0.0024568
4,4,30,0.0018435
4,4,30,0.0021429
4,4,30,0.00103383
4,4,30,0.00231021
4,4,30,0.00146396
