size,threads,percent_fill,time
9,8,65,0.0356734
9,8,65,0.0353429
9,8,65,0.0287523
9,8,65,0.0347123
9,8,65,0.0313721
