size,threads,percent_fill,time
4,8,75,0.001042
4,8,75,0.00075211
4,8,75,0.00107097
4,8,75,0.000953697
4,8,75,0.00105162
4,8,75,0.000708416
4,8,75,0.000875739
4,8,75,0.000672894
4,8,75,0.00148901
4,8,75,0.000480052
4,8,75,0.000679551
4,8,75,0.000527695
4,8,75,0.00113678
4,8,75,0.00109283
4,8,75,0.00113413
