size,threads,percent_fill,time
4,8,55,0.00176648
4,8,55,0.00178632
4,8,55,0.00200019
4,8,55,0.00136908
4,8,55,0.000641214
4,8,55,0.00131246
