size,threads,percent_fill,time
4,32,35,0.00404835
4,32,35,0.00270636
4,32,35,0.00387732
4,32,35,0.00249683
4,32,35,0.00313124
4,32,35,0.00289476
