size,threads,percent_fill,time
4,32,55,0.00145547
4,32,55,0.00256293
4,32,55,0.00222475
4,32,55,0.00171043
4,32,55,0.00233229
4,32,55,0.00286909
