size,threads,percent_fill,time
9,8,40,0.186485
9,8,40,0.137165
9,8,40,0.216412
9,8,40,0.190974
9,8,40,0.112319
9,8,40,0.103865
9,8,40,0.513368
9,8,40,0.251285
9,8,40,0.104483
9,8,40,0.139864
9,8,40,0.0571591
9,8,40,0.0495118
9,8,40,0.196251
9,8,40,0.0886826
9,8,40,0.224209
