size,threads,percent_fill,time
4,32,60,0.0033409
4,32,60,0.0014432
4,32,60,0.00153233
4,32,60,0.00253156
4,32,60,0.00269109
4,32,60,0.0010829
4,32,60,0.0018754
4,32,60,0.00220431
4,32,60,0.00181951
4,32,60,0.00146755
4,32,60,0.00176651
4,32,60,0.00164787
4,32,60,0.00229208
4,32,60,0.00156748
4,32,60,0.00103712
