size,threads,percent_fill,time
9,4,50,0.0480642
9,4,50,0.494781
9,4,50,0.076736
9,4,50,0.111034
9,4,50,0.0682489
