size,threads,percent_fill,time
9,4,30,0.146364
9,4,30,0.130834
9,4,30,0.168246
9,4,30,0.422128
9,4,30,0.373883
