size,threads,percent_fill,time
4,32,65,0.00208119
4,32,65,0.00293706
4,32,65,0.00183172
4,32,65,0.00155632
4,32,65,0.00169156
4,32,65,0.00187952
