size,threads,percent_fill,time
4,8,30,0.000937309
4,8,30,0.00106698
4,8,30,0.00210587
4,8,30,0.0027073
4,8,30,0.00167087
4,8,30,0.00220249
4,8,30,0.00147915
4,8,30,0.00227803
4,8,30,0.0013868
4,8,30,0.0013752
4,8,30,0.00183244
4,8,30,0.00209314
4,8,30,0.00159952
4,8,30,0.00227688
4,8,30,0.00256241
