size,threads,percent_fill,time
4,4,55,0.0020083
4,4,55,0.00179917
4,4,55,0.00171392
4,4,55,0.00129387
4,4,55,0.00130602
4,4,55,0.00122363
