size,threads,percent_fill,time
4,16,50,0.00173568
4,16,50,0.00092217
4,16,50,0.000992222
4,16,50,0.00143339
4,16,50,0.0016977
4,16,50,0.00133065
4,16,50,0.00127543
4,16,50,0.00128192
4,16,50,0.00128765
4,16,50,0.00250607
4,16,50,0.00203059
4,16,50,0.00048749
4,16,50,0.000666717
4,16,50,0.00144701
4,16,50,0.000945883
