size,threads,percent_fill,time
4,8,70,0.00115811
4,8,70,0.0012873
4,8,70,0.000487123
4,8,70,0.000612061
4,8,70,0.0010727
4,8,70,0.00072984
4,8,70,0.00118715
4,8,70,0.000826027
4,8,70,0.00166543
4,8,70,0.000471655
4,8,70,0.00112461
4,8,70,0.00114628
4,8,70,0.00118427
4,8,70,0.00111281
4,8,70,0.000978533
