size,threads,percent_fill,time
9,32,55,0.0558177
9,32,55,0.0400705
9,32,55,0.0397853
9,32,55,0.0462502
9,32,55,0.0481271
9,32,55,0.08372
9,32,55,0.0495263
9,32,55,0.0565797
9,32,55,0.296191
9,32,55,0.0374052
9,32,55,0.0911727
9,32,55,0.111717
9,32,55,0.0436601
9,32,55,0.0763276
9,32,55,0.118691
9,32,55,0.119896
