size,threads,percent_fill,time
9,8,40,0.153562
9,8,40,0.0677224
9,8,40,0.116271
9,8,40,0.428583
9,8,40,0.41954
