size,threads,percent_fill,time
9,2,35,0.299232
9,2,35,0.226183
9,2,35,0.0951478
9,2,35,0.074176
9,2,35,0.339832
