size,threads,percent_fill,time
4,16,55,0.000952398
4,16,55,0.00200524
4,16,55,0.00209169
4,16,55,0.00153545
4,16,55,0.00153779
4,16,55,0.00150045
