size,threads,percent_fill,time
4,8,65,0.00115696
4,8,65,0.000713725
4,8,65,0.00127185
4,8,65,0.000521531
4,8,65,0.00117611
4,8,65,0.00129013
