size,threads,percent_fill,time
9,2,80,0.0204718
9,2,80,0.0162897
9,2,80,0.0199419
9,2,80,0.0194797
9,2,80,0.0185927
9,2,80,0.019852
9,2,80,0.0172307
9,2,80,0.0255023
9,2,80,0.0135532
9,2,80,0.0227002
9,2,80,0.0187689
9,2,80,0.0194376
9,2,80,0.0181468
9,2,80,0.0224936
9,2,80,0.0232328
