size,threads,percent_fill,time
9,2,60,0.0879458
9,2,60,0.0350803
9,2,60,0.0331816
9,2,60,0.0543161
9,2,60,0.0445768
