size,threads,percent_fill,time
4,2,40,0.00129034
4,2,40,0.0016636
4,2,40,0.00136853
4,2,40,0.00106943
4,2,40,0.000912871
4,2,40,0.00136589
4,2,40,0.00109348
4,2,40,0.00107132
4,2,40,0.000720015
4,2,40,0.0020735
4,2,40,0.00189855
4,2,40,0.00065621
4,2,40,0.00158609
4,2,40,0.00120712
4,2,40,0.000678413
