size,threads,percent_fill,time
9,32,60,0.035496
9,32,60,0.0367555
9,32,60,0.0597002
9,32,60,0.047814
9,32,60,0.0612498
9,32,60,0.0539566
9,32,60,0.0610461
9,32,60,0.0594308
9,32,60,0.056245
9,32,60,0.0466007
9,32,60,0.0810474
9,32,60,0.0863359
9,32,60,0.0351565
9,32,60,0.0376457
9,32,60,0.0486665
