size,threads,percent_fill,time
4,2,55,0.00153203
4,2,55,0.00152648
4,2,55,0.00131911
4,2,55,0.00128567
4,2,55,0.0012643
4,2,55,0.00118859
