size,threads,percent_fill,time
9,4,80,0.0163532
9,4,80,0.00947794
9,4,80,0.0215869
9,4,80,0.0191487
9,4,80,0.0182167
9,4,80,0.0206116
9,4,80,0.0208561
9,4,80,0.0232162
9,4,80,0.0168376
9,4,80,0.0231977
9,4,80,0.0112952
9,4,80,0.0210523
9,4,80,0.019573
9,4,80,0.0235407
9,4,80,0.0238682
