size,threads,percent_fill,time
4,2,50,0.000930389
4,2,50,0.00163768
4,2,50,0.00047805
4,2,50,0.00216983
4,2,50,0.000641335
4,2,50,0.000549104
4,2,50,0.00112512
4,2,50,0.00136917
4,2,50,0.00151863
4,2,50,0.00123281
4,2,50,0.00191535
4,2,50,0.00147206
4,2,50,0.00124107
4,2,50,0.00161747
4,2,50,0.00125659
