size,threads,percent_fill,time
9,8,35,0.181416
9,8,35,0.0726943
9,8,35,0.111006
9,8,35,0.0884756
9,8,35,0.0791447
