size,threads,percent_fill,time
4,16,40,0.00168969
4,16,40,0.00219467
4,16,40,0.000646379
4,16,40,0.00268878
4,16,40,0.00115841
4,16,40,0.00157424
4,16,40,0.00169154
4,16,40,0.00163381
4,16,40,0.00289165
4,16,40,0.00360996
4,16,40,0.00207538
4,16,40,0.0024788
4,16,40,0.00181228
4,16,40,0.00127336
4,16,40,0.00261592
