size,threads,percent_fill,time
4,2,70,0.000647125
4,2,70,0.00080543
4,2,70,0.000553985
4,2,70,0.00112608
4,2,70,0.000415667
4,2,70,0.0010862
