size,threads,percent_fill,time
4,32,45,0.00382044
4,32,45,0.00171124
4,32,45,0.00310108
4,32,45,0.00198421
4,32,45,0.00384992
4,32,45,0.00329266
