size,threads,percent_fill,time
9,4,45,0.0701301
9,4,45,0.0797141
9,4,45,0.0623338
9,4,45,0.889039
9,4,45,0.175916
