size,threads,percent_fill,time
4,2,30,0.00156894
4,2,30,0.00133749
4,2,30,0.00102741
4,2,30,0.000724165
4,2,30,0.00194648
4,2,30,0.00126783
4,2,30,0.00166341
4,2,30,0.000873066
4,2,30,0.00225116
4,2,30,0.000797767
4,2,30,0.0016813
4,2,30,0.000599172
4,2,30,0.00100541
4,2,30,0.000703305
4,2,30,0.00146046
