size,threads,percent_fill,time
4,4,75,0.000645907
4,4,75,0.000486329
4,4,75,0.000798086
4,4,75,0.00035311
4,4,75,0.000815791
4,4,75,0.000682866
