size,threads,percent_fill,time
4,16,60,0.00132594
4,16,60,0.00256736
4,16,60,0.00159366
4,16,60,0.000739143
4,16,60,0.00132345
4,16,60,0.00148981
