size,threads,percent_fill,time
4,8,70,0.000715722
4,8,70,0.000859901
4,8,70,0.00103244
4,8,70,0.0011835
4,8,70,0.000938468
4,8,70,0.00137467
