size,threads,percent_fill,time
4,32,75,0.00206327
4,32,75,0.00139385
4,32,75,0.00163396
4,32,75,0.00152824
4,32,75,0.00132724
4,32,75,0.0012967
