size,threads,percent_fill,time
4,32,50,0.00355062
4,32,50,0.00283997
4,32,50,0.00195678
4,32,50,0.00175591
4,32,50,0.00210196
4,32,50,0.00352359
