size,threads,percent_fill,time
9,32,45,0.809447
9,32,45,0.0493305
9,32,45,0.0554286
9,32,45,0.0553709
9,32,45,0.128167
9,32,45,0.468342
9,32,45,0.0871099
9,32,45,1.0948
9,32,45,0.257794
9,32,45,0.0586844
9,32,45,0.249844
9,32,45,1.20244
9,32,45,1.13512
9,32,45,0.0966836
9,32,45,0.0910318
9,32,45,0.343227
