size,threads,percent_fill,time
4,8,75,0.000718513
4,8,75,0.00054931
4,8,75,0.00086354
4,8,75,0.00109428
4,8,75,0.000865584
4,8,75,0.000783622
