size,threads,percent_fill,time
9,8,80,0.0295064
9,8,80,0.0302817
9,8,80,0.0130851
9,8,80,0.0214555
9,8,80,0.0233505
