size,threads,percent_fill,time
9,4,35,0.181343
9,4,35,0.0724869
9,4,35,0.0904068
9,4,35,0.0869946
9,4,35,1.59412
