size,threads,percent_fill,time
9,4,45,0.0607597
9,4,45,0.838487
9,4,45,0.244377
9,4,45,0.050428
9,4,45,0.205785
9,4,45,0.11877
9,4,45,0.222757
9,4,45,0.0606177
9,4,45,0.0707403
9,4,45,0.0599801
9,4,45,0.0576111
9,4,45,0.0702552
9,4,45,0.240253
9,4,45,0.0675807
9,4,45,0.192275
