size,threads,percent_fill,time
9,8,30,0.11391
9,8,30,3.08166
9,8,30,0.482845
9,8,30,0.370797
9,8,30,0.118548
9,8,30,0.141707
9,8,30,0.40494
9,8,30,0.120351
9,8,30,0.992945
9,8,30,0.552445
9,8,30,0.153215
9,8,30,0.383704
9,8,30,36.7388
9,8,30,2.40046
9,8,30,0.109356
