size,threads,percent_fill,time
4,2,65,0.00168146
4,2,65,0.00092225
4,2,65,0.000950849
4,2,65,0.00187056
4,2,65,0.00105701
4,2,65,0.000276629
4,2,65,0.00119327
4,2,65,0.000726309
4,2,65,0.00145229
4,2,65,0.000586953
4,2,65,0.00112644
4,2,65,0.000923835
4,2,65,0.000898564
4,2,65,0.000973884
4,2,65,0.00103552
