size,threads,percent_fill,time
9,16,80,0.0285908
9,16,80,0.0316153
9,16,80,0.0131916
9,16,80,0.020681
9,16,80,0.0224701
