size,threads,percent_fill,time
4,16,45,0.00325067
4,16,45,0.00249013
4,16,45,0.0024655
4,16,45,0.00148771
4,16,45,0.002795
4,16,45,0.00282874
