size,threads,percent_fill,time
9,2,50,0.0414159
9,2,50,0.0653513
9,2,50,0.108799
9,2,50,0.0500901
9,2,50,0.188419
9,2,50,0.0655223
9,2,50,0.13827
9,2,50,0.0428538
9,2,50,0.0434775
9,2,50,0.0802142
9,2,50,0.112348
9,2,50,0.0422328
9,2,50,0.0829797
9,2,50,0.0870206
9,2,50,0.0493082
