size,threads,percent_fill,time
4,2,35,0.00228114
4,2,35,0.00205757
4,2,35,0.000758402
4,2,35,0.00182466
4,2,35,0.0023342
4,2,35,0.0018925
