size,threads,percent_fill,time
9,8,65,0.022141
9,8,65,0.0351427
9,8,65,0.0405502
9,8,65,0.0342938
9,8,65,0.0361326
9,8,65,0.0390422
9,8,65,0.0478165
9,8,65,0.0436296
9,8,65,0.0433341
9,8,65,0.0380492
9,8,65,0.0426273
9,8,65,0.0438596
9,8,65,0.0299697
9,8,65,0.0359382
9,8,65,0.0436771
