size,threads,percent_fill,time
9,16,35,0.0916484
9,16,35,0.103481
9,16,35,0.230645
9,16,35,0.173277
9,16,35,0.297667
9,16,35,0.641212
9,16,35,0.0901352
9,16,35,0.187598
9,16,35,0.0940084
9,16,35,1.06246
9,16,35,0.190791
9,16,35,0.652817
9,16,35,0.0611369
9,16,35,0.157233
9,16,35,0.172084
