size,threads,percent_fill,time
9,2,80,0.028345
9,2,80,0.0307026
9,2,80,0.0206378
9,2,80,0.019636
9,2,80,0.0209304
