size,threads,percent_fill,time
4,8,35,0.00282488
4,8,35,0.0021633
4,8,35,0.00255358
4,8,35,0.00212421
4,8,35,0.00230778
4,8,35,0.00249578
