size,threads,percent_fill,time
9,4,75,0.0312795
9,4,75,0.0307041
9,4,75,0.0239812
9,4,75,0.0192389
9,4,75,0.0288473
