size,threads,percent_fill,time
9,4,30,2.06678
9,4,30,0.330274
9,4,30,3.86245
9,4,30,0.365183
9,4,30,5.3477
9,4,30,0.141355
9,4,30,0.538654
9,4,30,13.2905
9,4,30,2.07216
9,4,30,14.4362
9,4,30,0.150834
9,4,30,0.383482
9,4,30,4.47261
9,4,30,2.94019
9,4,30,0.712056
