size,threads,percent_fill,time
9,8,60,0.087956
9,8,60,0.0359341
9,8,60,0.0371767
9,8,60,0.0548004
9,8,60,0.0465736
