size,threads,percent_fill,time
9,16,40,0.153706
9,16,40,0.0667791
9,16,40,0.137683
9,16,40,0.43037
9,16,40,0.671505
