size,threads,percent_fill,time
9,8,75,0.0320654
9,8,75,0.0352077
9,8,75,0.0250457
9,8,75,0.0216639
9,8,75,0.0287035
