size,threads,percent_fill,time
9,32,35,0.941775
9,32,35,2.64251
9,32,35,0.120277
9,32,35,1.59662
9,32,35,0.912281
9,32,35,0.089922
9,32,35,31.6855
9,32,35,0.130317
9,32,35,0.407858
9,32,35,0.0997255
9,32,35,0.440773
9,32,35,1.4045
9,32,35,0.100641
9,32,35,0.326361
9,32,35,3.39737
9,32,35,0.271655
