size,threads,percent_fill,time
4,2,40,0.00206683
4,2,40,0.00169844
4,2,40,0.00076127
4,2,40,0.0012659
4,2,40,0.00211953
4,2,40,0.00194377
