size,threads,percent_fill,time
4,2,30,0.00076093
4,2,30,0.00169025
4,2,30,0.00134639
4,2,30,0.000627093
4,2,30,0.00149948
4,2,30,0.0015454
4,2,30,0.00105875
4,2,30,0.00143605
4,2,30,0.000689782
4,2,30,0.00108099
4,2,30,0.00185869
4,2,30,0.000919675
4,2,30,0.000787169
4,2,30,0.00185177
4,2,30,0.000740871
