size,threads,percent_fill,time
4,16,40,0.00178502
4,16,40,0.00194888
4,16,40,0.00094307
4,16,40,0.00185899
4,16,40,0.00253224
4,16,40,0.00142291
4,16,40,0.00222162
4,16,40,0.00230374
4,16,40,0.00225519
4,16,40,0.00324401
4,16,40,0.00201267
4,16,40,0.000608481
4,16,40,0.0017998
4,16,40,0.000708308
4,16,40,0.00138932
