size,threads,percent_fill,time
4,2,80,0.000808679
4,2,80,0.000995925
4,2,80,0.000411522
4,2,80,0.0007715
4,2,80,0.000908077
4,2,80,0.000577111
4,2,80,0.000499198
4,2,80,0.000441026
4,2,80,0.000244386
4,2,80,0.000708416
4,2,80,0.000446416
4,2,80,0.000237316
4,2,80,0.000758108
4,2,80,0.00071965
4,2,80,0.000916218
