size,threads,percent_fill,time
4,32,45,0.00247704
4,32,45,0.0032858
4,32,45,0.00171867
4,32,45,0.0021032
4,32,45,0.00128637
4,32,45,0.00171386
4,32,45,0.00309394
4,32,45,0.00240396
4,32,45,0.00184921
4,32,45,0.00168671
4,32,45,0.00224668
4,32,45,0.00248471
4,32,45,0.0021173
4,32,45,0.00081699
4,32,45,0.00388568
