size,threads,percent_fill,time
4,8,55,0.00240807
4,8,55,0.00106828
4,8,55,0.00108768
4,8,55,0.00263091
4,8,55,0.000894893
4,8,55,0.000794707
4,8,55,0.0014053
4,8,55,0.00151849
4,8,55,0.00163832
4,8,55,0.000542622
4,8,55,0.000646725
4,8,55,0.00132627
4,8,55,0.001376
4,8,55,0.0013511
4,8,55,0.00163825
