size,threads,percent_fill,time
4,8,35,0.00212551
4,8,35,0.00220507
4,8,35,0.00158442
4,8,35,0.00253799
4,8,35,0.000978392
4,8,35,0.00198162
4,8,35,0.00146436
4,8,35,0.00198056
4,8,35,0.00135558
4,8,35,0.00261073
4,8,35,0.00206251
4,8,35,0.00289634
4,8,35,0.00162702
4,8,35,0.000572465
4,8,35,0.00229935
