size,threads,percent_fill,time
9,2,40,0.156452
9,2,40,0.487925
9,2,40,0.275525
9,2,40,0.188985
9,2,40,1.66227
9,2,40,1.27801
9,2,40,0.177113
9,2,40,0.257376
9,2,40,0.279028
9,2,40,7.07426
9,2,40,2.47939
9,2,40,0.284438
9,2,40,0.201699
9,2,40,0.0866504
9,2,40,0.225664
