size,threads,percent_fill,time
4,16,75,0.000952029
4,16,75,0.00106631
4,16,75,0.0010409
4,16,75,0.00124705
4,16,75,0.00105363
4,16,75,0.000985754
